path,template,issue,detail
/browse,static,THIN_EDITORIAL,1 prose words
/market,static,THIN_EDITORIAL,1 prose words
/sealed,static,THIN_EDITORIAL,1 prose words
/decks,static,EMPTY_SECTION,Common questions
/learn,static,EMPTY_SECTION,"Your first week, step by step"
/learn,static,EMPTY_SECTION,Speak the language
/learn,static,EMPTY_SECTION,New-player questions
/tools/value-finder,static,EMPTY_SECTION,How the Value Finder works
/tools/rising,static,EMPTY_SECTION,How Rising Cards works
/stores/suggest,store,THIN_EDITORIAL,83 prose words
/keywords,static,THIN_EDITORIAL,108 prose words
/guides,static,EMPTY_SECTION,Browse by topic
/blog,static,EMPTY_SECTION,Browse by topic
/contact,static,THIN_EDITORIAL,66 prose words
/support,static,THIN_EDITORIAL,25 prose words
/terms,static,SHORT_DESCRIPTION,47 chars
/card/baron-nashor-unl-238-219,card,NEAR_DUPLICATE_DESCRIPTION,"1 others, e.g. /card/baron-nashor-unl-147a-219"
/card/teemo-scout-ogn-197b-298-promo,card,NEAR_DUPLICATE_DESCRIPTION,"1 others, e.g. /card/teemo-scout-ogn-197a-298"
/card/ambessa-matriarch-of-war-ven-196s-166,card,NEAR_DUPLICATE_DESCRIPTION,"1 others, e.g. /card/ambessa-matriarch-of-war-ven-196"
/card/nasus-curator-of-the-sands-ven-192s-166,card,NEAR_DUPLICATE_DESCRIPTION,"2 others, e.g. /card/nasus-curator-of-the-sands-ven-192"
/card/miss-fortune-buccaneer-ogn-193-298-promo,card,NEAR_DUPLICATE_DESCRIPTION,"1 others, e.g. /card/miss-fortune-buccaneer-ogn-193-298"
/card/irelia-fervent-sfd-225-221,card,NEAR_DUPLICATE_DESCRIPTION,"1 others, e.g. /card/irelia-fervent-sfd-057a-221"
/card/ahri-nine-tailed-fox-ogn-255-298-promo,card,NEAR_DUPLICATE_DESCRIPTION,"1 others, e.g. /card/ahri-nine-tailed-fox-ogn-255-298"
/card/lee-sin-centered-ogn-151b-298-promo,card,NEAR_DUPLICATE_DESCRIPTION,"1 others, e.g. /card/lee-sin-centered-ogn-151a-298"
/card/svellsongur-sfd-059-221-promo,card,NEAR_DUPLICATE_DESCRIPTION,"1 others, e.g. /card/svellsongur-sfd-059-221"
/card/yordle-heart-of-the-tempest-ven-197,card,NEAR_DUPLICATE_DESCRIPTION,"1 others, e.g. /card/yordle-heart-of-the-tempest-ven-155"
/card/ahri-alluring-ogn-066-298-promo,card,NEAR_DUPLICATE_DESCRIPTION,"1 others, e.g. /card/ahri-alluring-ogn-066-298"
/card/jinx-loose-cannon-ogn-251-298-promo,card,NEAR_DUPLICATE_DESCRIPTION,"1 others, e.g. /card/jinx-loose-cannon-ogn-251-298"
/card/teemo-swift-scout-ogn-307-298,card,NEAR_DUPLICATE_DESCRIPTION,"1 others, e.g. /card/teemo-swift-scout-ogn-263a-298"
/card/nasus-curator-of-the-sands-ven-192,card,NEAR_DUPLICATE_DESCRIPTION,"2 others, e.g. /card/nasus-curator-of-the-sands-ven-192s-166"
/card/jayce-man-of-progress-sfd-084-221-promo,card,NEAR_DUPLICATE_DESCRIPTION,"1 others, e.g. /card/jayce-man-of-progress-sfd-084-221"
/card/riven-shattered-ven-041a-166-promo,card,NEAR_DUPLICATE_DESCRIPTION,"2 others, e.g. /card/riven-shattered-ven-041"
/card/illaoi-prophet-of-the-great-kraken-ven-182,card,NEAR_DUPLICATE_DESCRIPTION,"1 others, e.g. /card/illaoi-prophet-of-the-great-kraken-ven-109"
/card/lux-crownguard-ogs-014-024-promo,card,NEAR_DUPLICATE_DESCRIPTION,"1 others, e.g. /card/lux-crownguard-ogs-014-024"
/card/jinx-rebel-ogn-202-298-promo,card,NEAR_DUPLICATE_DESCRIPTION,"1 others, e.g. /card/jinx-rebel-ogn-202-298"
/card/ambessa-matriarch-of-war-ven-196,card,NEAR_DUPLICATE_DESCRIPTION,"1 others, e.g. /card/ambessa-matriarch-of-war-ven-196s-166"
/card/miss-fortune-bounty-hunter-ogn-267-298-promo,card,NEAR_DUPLICATE_DESCRIPTION,"1 others, e.g. /card/miss-fortune-bounty-hunter-ogn-267-298"
/card/teemo-swift-scout-ogn-263-298-promo,card,NEAR_DUPLICATE_DESCRIPTION,"1 others, e.g. /card/teemo-swift-scout-ogn-263a-298"
/card/kai-sa-daughter-of-the-void-ogn-247-298-promo,card,NEAR_DUPLICATE_DESCRIPTION,"1 others, e.g. /card/kai-sa-daughter-of-the-void-ogn-247-298"
/card/mel-defiant-soul-ven-188,card,NEAR_DUPLICATE_DESCRIPTION,"1 others, e.g. /card/mel-defiant-soul-ven-110a"
/card/ambessa-respected-and-feared-ven-187,card,NEAR_DUPLICATE_DESCRIPTION,"1 others, e.g. /card/ambessa-respected-and-feared-ven-136a"
/card/viktor-leader-ogn-246-298-promo,card,NEAR_DUPLICATE_DESCRIPTION,"1 others, e.g. /card/viktor-leader-ogn-246-298"
/card/zed-from-the-shadows-ven-169,card,NEAR_DUPLICATE_DESCRIPTION,"2 others, e.g. /card/zed-from-the-shadows-ven-023a"
/card/renekton-butcher-of-the-sands-ven-190,card,NEAR_DUPLICATE_DESCRIPTION,"1 others, e.g. /card/renekton-butcher-of-the-sands-ven-141"
/card/renekton-brute-ven-177,card,NEAR_DUPLICATE_DESCRIPTION,"1 others, e.g. /card/renekton-brute-ven-092a"
/card/nasus-guardian-of-knowledge-ven-178,card,NEAR_DUPLICATE_DESCRIPTION,"2 others, e.g. /card/nasus-guardian-of-knowledge-ven-063a"
/card/viktor-herald-of-the-arcane-ogn-265-298-promo,card,NEAR_DUPLICATE_DESCRIPTION,"1 others, e.g. /card/viktor-herald-of-the-arcane-ogn-265-298"
/card/boneshiver-sfd-118a-221-promo,card,NEAR_DUPLICATE_DESCRIPTION,"1 others, e.g. /card/boneshiver-sfd-118-221"
/card/darius-hand-of-noxus-ogn-253-298-promo,card,NEAR_DUPLICATE_DESCRIPTION,"1 others, e.g. /card/darius-hand-of-noxus-ogn-253-298"
/card/shen-scourge-of-shadows-ven-170,card,NEAR_DUPLICATE_DESCRIPTION,"2 others, e.g. /card/shen-scourge-of-shadows-ven-042a"
/card/lee-sin-ascetic-ogn-078-298-promo,card,NEAR_DUPLICATE_DESCRIPTION,"1 others, e.g. /card/lee-sin-ascetic-ogn-078-298"
/card/yasuo-unforgiven-ogn-259-298-promo,card,NEAR_DUPLICATE_DESCRIPTION,"1 others, e.g. /card/yasuo-unforgiven-ogn-259-298"
/card/annie-fiery-ogs-001-024-promo,card,NEAR_DUPLICATE_DESCRIPTION,"1 others, e.g. /card/annie-fiery-ogs-001-024"
/card/volibear-relentless-storm-ogn-249-298-promo,card,NEAR_DUPLICATE_DESCRIPTION,"1 others, e.g. /card/volibear-relentless-storm-ogn-249-298"
/card/baron-nashor-unl-147a-219,card,NEAR_DUPLICATE_DESCRIPTION,"1 others, e.g. /card/baron-nashor-unl-238-219"
/card/irelia-fervent-sfd-057a-221,card,NEAR_DUPLICATE_DESCRIPTION,"1 others, e.g. /card/irelia-fervent-sfd-225-221"
/card/rengar-trophy-hunter-unl-120-219,card,NEAR_DUPLICATE_DESCRIPTION,"1 others, e.g. /card/rengar-trophy-hunter-unl-120-219-promo"
/card/annie-stubborn-ogs-010-024-promo,card,NEAR_DUPLICATE_DESCRIPTION,"1 others, e.g. /card/annie-stubborn-ogs-010-024"
/card/akali-silent-ven-038a,card,NEAR_DUPLICATE_DESCRIPTION,"1 others, e.g. /card/akali-silent-ven-038"
/card/svellsongur-sfd-059-221,card,NEAR_DUPLICATE_DESCRIPTION,"1 others, e.g. /card/svellsongur-sfd-059-221-promo"
/card/rengar-trophy-hunter-unl-120-219-promo,card,NEAR_DUPLICATE_DESCRIPTION,"1 others, e.g. /card/rengar-trophy-hunter-unl-120-219"
/card/teemo-scout-ogn-197a-298,card,NEAR_DUPLICATE_DESCRIPTION,"1 others, e.g. /card/teemo-scout-ogn-197b-298-promo"
/card/master-wuju-bladesman-starter-ogs-019-024,card,NEAR_DUPLICATE_DESCRIPTION,"1 others, e.g. /card/master-wuju-bladesman-starter-ogs-019-024-promo"
/card/stacked-deck-ogn-183-298,card,NEAR_DUPLICATE_DESCRIPTION,"1 others, e.g. /card/stacked-deck-ogn-183-298-promo"
/card/lux-illuminated-ogs-006-024-promo,card,NEAR_DUPLICATE_DESCRIPTION,"1 others, e.g. /card/lux-illuminated-ogs-006-024"
/card/teemo-scout-ogn-197-298-promo,card,NEAR_DUPLICATE_DESCRIPTION,"1 others, e.g. /card/teemo-scout-ogn-197-298"
/card/lillia-protector-of-dreams-unl-058-219-promo,card,NEAR_DUPLICATE_DESCRIPTION,"1 others, e.g. /card/lillia-protector-of-dreams-unl-058-219"
/card/sett-the-boss-ogn-269-298-promo,card,NEAR_DUPLICATE_DESCRIPTION,"1 others, e.g. /card/sett-the-boss-ogn-269-298"
/card/fury-rune-ven-r01b-promo,card,NEAR_DUPLICATE_DESCRIPTION,"1 others, e.g. /card/fury-rune-ven-r01"
/card/guardian-angel-sfd-051-221-promo,card,NEAR_DUPLICATE_DESCRIPTION,"1 others, e.g. /card/guardian-angel-sfd-051-221"
/card/fury-rune-ven-r01,card,NEAR_DUPLICATE_DESCRIPTION,"1 others, e.g. /card/fury-rune-ven-r01b-promo"
/card/chaos-rune-ogn-166a-298,card,NEAR_DUPLICATE_DESCRIPTION,"1 others, e.g. /card/chaos-rune-ogn-166b-298-promo"
/card/calm-rune-ogn-042a-298,card,NEAR_DUPLICATE_DESCRIPTION,"1 others, e.g. /card/calm-rune-ogn-042b-298-promo"
/card/garen-might-of-demacia-starter-ogs-023-024-promo,card,NEAR_DUPLICATE_DESCRIPTION,"1 others, e.g. /card/garen-might-of-demacia-starter-ogs-023-024"
/card/edge-of-night-sfd-139-221-promo,card,NEAR_DUPLICATE_DESCRIPTION,"1 others, e.g. /card/edge-of-night-sfd-139-221"
/card/order-rune-ogn-214a-298,card,NEAR_DUPLICATE_DESCRIPTION,"2 others, e.g. /card/order-rune-ogn-214b-298-promo"
/card/ashe-focused-unl-169-219-promo,card,NEAR_DUPLICATE_DESCRIPTION,"1 others, e.g. /card/ashe-focused-unl-169-219"
/card/annie-dark-child-starter-ogs-017-024,card,NEAR_DUPLICATE_DESCRIPTION,"1 others, e.g. /card/annie-dark-child-starter-ogs-017-024-promo"
/card/order-rune-ogn-214b-298-promo,card,NEAR_DUPLICATE_DESCRIPTION,"2 others, e.g. /card/order-rune-ogn-214a-298"
/card/garen-commander-ogs-013-024-promo,card,NEAR_DUPLICATE_DESCRIPTION,"1 others, e.g. /card/garen-commander-ogs-013-024"
/card/order-rune-ogn-nn1-promo,card,NEAR_DUPLICATE_DESCRIPTION,"2 others, e.g. /card/order-rune-ogn-214a-298"
/card/zed-from-the-shadows-ven-023a,card,NEAR_DUPLICATE_DESCRIPTION,"2 others, e.g. /card/zed-from-the-shadows-ven-169"
/card/ambessa-respected-and-feared-ven-136a,card,NEAR_DUPLICATE_DESCRIPTION,"1 others, e.g. /card/ambessa-respected-and-feared-ven-187"
/card/annie-stubborn-ogs-010-024,card,NEAR_DUPLICATE_DESCRIPTION,"1 others, e.g. /card/annie-stubborn-ogs-010-024-promo"
/card/fury-rune-ogn-007a-298,card,NEAR_DUPLICATE_DESCRIPTION,"1 others, e.g. /card/fury-rune-ogn-007b-298-promo"
/card/body-rune-ogn-126a-298,card,NEAR_DUPLICATE_DESCRIPTION,"1 others, e.g. /card/body-rune-ogn-126b-298-promo"
/card/lux-crownguard-ogs-014-024,card,NEAR_DUPLICATE_DESCRIPTION,"1 others, e.g. /card/lux-crownguard-ogs-014-024-promo"
/card/discipline-ogn-058-298-promo,card,NEAR_DUPLICATE_DESCRIPTION,"1 others, e.g. /card/discipline-ogn-058-298"
/card/boneshiver-sfd-118-221,card,NEAR_DUPLICATE_DESCRIPTION,"1 others, e.g. /card/boneshiver-sfd-118a-221-promo"
/card/ahri-nine-tailed-fox-ogn-255-298,card,NEAR_DUPLICATE_DESCRIPTION,"1 others, e.g. /card/ahri-nine-tailed-fox-ogn-255-298-promo"
/card/viktor-leader-ogn-246-298,card,NEAR_DUPLICATE_DESCRIPTION,"1 others, e.g. /card/viktor-leader-ogn-246-298-promo"
/card/jayce-brilliant-inventor-ven-068a,card,NEAR_DUPLICATE_DESCRIPTION,"1 others, e.g. /card/jayce-brilliant-inventor-ven-068"
/card/tryndamere-barbarian-ogn-034-298-promo,card,NEAR_DUPLICATE_DESCRIPTION,"1 others, e.g. /card/tryndamere-barbarian-ogn-034-298"
/card/jinx-rebel-ogn-202-298,card,NEAR_DUPLICATE_DESCRIPTION,"1 others, e.g. /card/jinx-rebel-ogn-202-298-promo"
/card/renekton-brute-ven-092a,card,NEAR_DUPLICATE_DESCRIPTION,"2 others, e.g. /card/renekton-brute-ven-177"
/card/discipline-ogn-058-298,card,NEAR_DUPLICATE_DESCRIPTION,"1 others, e.g. /card/discipline-ogn-058-298-promo"
/card/lee-sin-centered-ogn-151a-298,card,NEAR_DUPLICATE_DESCRIPTION,"1 others, e.g. /card/lee-sin-centered-ogn-151b-298-promo"
/card/yuumi-magical-cat-unl-056-219-promo,card,NEAR_DUPLICATE_DESCRIPTION,"1 others, e.g. /card/yuumi-magical-cat-unl-056-219"
/card/nasus-guardian-of-knowledge-ven-063a,card,NEAR_DUPLICATE_DESCRIPTION,"2 others, e.g. /card/nasus-guardian-of-knowledge-ven-178"
/card/pouty-poro-ogn-013-298-promo,card,NEAR_DUPLICATE_DESCRIPTION,"1 others, e.g. /card/pouty-poro-ogn-013-298"
/card/ashe-focused-unl-169-219,card,NEAR_DUPLICATE_DESCRIPTION,"1 others, e.g. /card/ashe-focused-unl-169-219-promo"
/card/mel-defiant-soul-ven-110a,card,NEAR_DUPLICATE_DESCRIPTION,"1 others, e.g. /card/mel-defiant-soul-ven-188"
/card/stalwart-poro-ogn-052-298-promo,card,NEAR_DUPLICATE_DESCRIPTION,"1 others, e.g. /card/stalwart-poro-ogn-052-298"
/card/annie-fiery-ogs-001-024,card,NEAR_DUPLICATE_DESCRIPTION,"1 others, e.g. /card/annie-fiery-ogs-001-024-promo"
/card/mystic-poro-ogn-171-298-promo,card,NEAR_DUPLICATE_DESCRIPTION,"1 others, e.g. /card/mystic-poro-ogn-171-298"
/card/lee-sin-ascetic-ogn-078-298,card,NEAR_DUPLICATE_DESCRIPTION,"1 others, e.g. /card/lee-sin-ascetic-ogn-078-298-promo"
/card/stormclaw-ursine-ogn-137-298-promo,card,NEAR_DUPLICATE_DESCRIPTION,"1 others, e.g. /card/stormclaw-ursine-ogn-137-298"
/card/vengeance-ogn-229-298-promo,card,NEAR_DUPLICATE_DESCRIPTION,"1 others, e.g. /card/vengeance-ogn-229-298"
/card/decisive-strike-ogs-024-024,card,NEAR_DUPLICATE_DESCRIPTION,"1 others, e.g. /card/decisive-strike-ogs-024-024-promo"
/card/consult-the-past-ogn-083-298-promo,card,NEAR_DUPLICATE_DESCRIPTION,"1 others, e.g. /card/consult-the-past-ogn-083-298"
/card/riptide-rex-ogn-092-298-promo,card,NEAR_DUPLICATE_DESCRIPTION,"1 others, e.g. /card/riptide-rex-ogn-092-298"
/card/wielder-of-water-ogn-055-298-promo,card,NEAR_DUPLICATE_DESCRIPTION,"1 others, e.g. /card/wielder-of-water-ogn-055-298"
/card/ahri-alluring-ogn-066-298,card,NEAR_DUPLICATE_DESCRIPTION,"1 others, e.g. /card/ahri-alluring-ogn-066-298-promo"
/card/stellacorn-herder-sfd-048-221,card,NEAR_DUPLICATE_DESCRIPTION,"1 others, e.g. /card/stellacorn-herder-sfd-048-221-promo"
/card/shen-scourge-of-shadows-ven-042a,card,NEAR_DUPLICATE_DESCRIPTION,"2 others, e.g. /card/shen-scourge-of-shadows-ven-170"
/card/yi-honed-ogs-009-024,card,NEAR_DUPLICATE_DESCRIPTION,"1 others, e.g. /card/yi-honed-ogs-009-024-promo"
/card/guardian-angel-sfd-051-221,card,NEAR_DUPLICATE_DESCRIPTION,"1 others, e.g. /card/guardian-angel-sfd-051-221-promo"
/card/teemo-scout-ogn-197-298,card,NEAR_DUPLICATE_DESCRIPTION,"1 others, e.g. /card/teemo-scout-ogn-197-298-promo"
/card/daring-poro-ogn-210-298-promo,card,NEAR_DUPLICATE_DESCRIPTION,"1 others, e.g. /card/daring-poro-ogn-210-298"
/card/garen-might-of-demacia-starter-ogs-023-024,card,NEAR_DUPLICATE_DESCRIPTION,"1 others, e.g. /card/garen-might-of-demacia-starter-ogs-023-024-promo"
/card/mutated-mouser-unl-036-219-promo,card,NEAR_DUPLICATE_DESCRIPTION,"1 others, e.g. /card/mutated-mouser-unl-036-219"
/card/jayce-brilliant-inventor-ven-068,card,NEAR_DUPLICATE_DESCRIPTION,"1 others, e.g. /card/jayce-brilliant-inventor-ven-068a"
/card/lux-illuminated-ogs-006-024,card,NEAR_DUPLICATE_DESCRIPTION,"1 others, e.g. /card/lux-illuminated-ogs-006-024-promo"
/card/garen-commander-ogs-013-024,card,NEAR_DUPLICATE_DESCRIPTION,"1 others, e.g. /card/garen-commander-ogs-013-024-promo"
/card/mister-root-unl-127-219-promo,card,NEAR_DUPLICATE_DESCRIPTION,"1 others, e.g. /card/mister-root-unl-127-219"
/card/riven-shattered-ven-041,card,NEAR_DUPLICATE_DESCRIPTION,"2 others, e.g. /card/riven-shattered-ven-041a-166-promo"
/card/gustwalker-unl-075-219-promo,card,NEAR_DUPLICATE_DESCRIPTION,"1 others, e.g. /card/gustwalker-unl-075-219"
/card/downstage-dramatics-unl-061-219-promo,card,NEAR_DUPLICATE_DESCRIPTION,"1 others, e.g. /card/downstage-dramatics-unl-061-219"
/card/laurent-duelist-sfd-156-221-promo,card,NEAR_DUPLICATE_DESCRIPTION,"1 others, e.g. /card/laurent-duelist-sfd-156-221"
/card/eye-of-the-herald-sfd-153-221-promo,card,NEAR_DUPLICATE_DESCRIPTION,"1 others, e.g. /card/eye-of-the-herald-sfd-153-221"
/card/unsung-hero-sfd-167-221-promo,card,NEAR_DUPLICATE_DESCRIPTION,"1 others, e.g. /card/unsung-hero-sfd-167-221"
/card/treasure-hunter-sfd-130-221-promo,card,NEAR_DUPLICATE_DESCRIPTION,"1 others, e.g. /card/treasure-hunter-sfd-130-221"
/card/doran-s-ring-sfd-124-221-promo,card,NEAR_DUPLICATE_DESCRIPTION,"1 others, e.g. /card/doran-s-ring-sfd-124-221"
/card/fae-dragon-sfd-101-221-promo,card,NEAR_DUPLICATE_DESCRIPTION,"1 others, e.g. /card/fae-dragon-sfd-101-221"
/card/harpoon-squad-sfd-137-221-promo,card,NEAR_DUPLICATE_DESCRIPTION,"1 others, e.g. /card/harpoon-squad-sfd-137-221"
/card/production-surge-sfd-076-221-promo,card,NEAR_DUPLICATE_DESCRIPTION,"1 others, e.g. /card/production-surge-sfd-076-221"
/card/doran-s-blade-sfd-095-221-promo,card,NEAR_DUPLICATE_DESCRIPTION,"1 others, e.g. /card/doran-s-blade-sfd-095-221"
/card/frostcoat-cub-sfd-067-221-promo,card,NEAR_DUPLICATE_DESCRIPTION,"1 others, e.g. /card/frostcoat-cub-sfd-067-221"
/card/navori-scout-sfd-037-221-promo,card,NEAR_DUPLICATE_DESCRIPTION,"1 others, e.g. /card/navori-scout-sfd-037-221"
/card/doran-s-shield-sfd-033-221-promo,card,NEAR_DUPLICATE_DESCRIPTION,"1 others, e.g. /card/doran-s-shield-sfd-033-221"
/card/blast-corps-cadet-sfd-013-221-promo,card,NEAR_DUPLICATE_DESCRIPTION,"1 others, e.g. /card/blast-corps-cadet-sfd-013-221"
/card/serrated-dirk-sfd-009-221-promo,card,NEAR_DUPLICATE_DESCRIPTION,"1 others, e.g. /card/serrated-dirk-sfd-009-221"
/card/gem-jammer-sfd-007-221-promo,card,NEAR_DUPLICATE_DESCRIPTION,"1 others, e.g. /card/gem-jammer-sfd-007-221"
/card/garen-rugged-ogs-007-024,card,NEAR_DUPLICATE_DESCRIPTION,"1 others, e.g. /card/garen-rugged-ogs-007-024-promo"
/card/stealthy-pursuer-ogn-177-298-promo,card,NEAR_DUPLICATE_DESCRIPTION,"1 others, e.g. /card/stealthy-pursuer-ogn-177-298"
/card/blitzcrank-impassive-ogn-067-298,card,NEAR_DUPLICATE_DESCRIPTION,"1 others, e.g. /card/blitzcrank-impassive-ogn-067-298-promo"
/card/heimerdinger-inventor-ogn-111-298,card,NEAR_DUPLICATE_DESCRIPTION,"1 others, e.g. /card/heimerdinger-inventor-ogn-111-298-promo"
/card/blitzcrank-impassive-ogn-067-298-promo,card,NEAR_DUPLICATE_DESCRIPTION,"1 others, e.g. /card/blitzcrank-impassive-ogn-067-298"
/card/shen-scourge-of-shadows-ven-042,card,NEAR_DUPLICATE_DESCRIPTION,"2 others, e.g. /card/shen-scourge-of-shadows-ven-170"
/card/renekton-brute-ven-092,card,NEAR_DUPLICATE_DESCRIPTION,"1 others, e.g. /card/renekton-brute-ven-092a"
/card/nasus-guardian-of-knowledge-ven-063,card,NEAR_DUPLICATE_DESCRIPTION,"2 others, e.g. /card/nasus-guardian-of-knowledge-ven-178"
/card/tryndamere-barbarian-ogn-034-298,card,NEAR_DUPLICATE_DESCRIPTION,"1 others, e.g. /card/tryndamere-barbarian-ogn-034-298-promo"
/card/lillia-protector-of-dreams-unl-058-219,card,NEAR_DUPLICATE_DESCRIPTION,"1 others, e.g. /card/lillia-protector-of-dreams-unl-058-219-promo"
/card/illaoi-prophet-of-the-great-kraken-ven-109,card,NEAR_DUPLICATE_DESCRIPTION,"1 others, e.g. /card/illaoi-prophet-of-the-great-kraken-ven-182"
/card/yordle-heart-of-the-tempest-ven-155,card,NEAR_DUPLICATE_DESCRIPTION,"1 others, e.g. /card/yordle-heart-of-the-tempest-ven-197"
/card/miss-fortune-buccaneer-ogn-193-298,card,NEAR_DUPLICATE_DESCRIPTION,"1 others, e.g. /card/miss-fortune-buccaneer-ogn-193-298-promo"
/card/kai-sa-daughter-of-the-void-ogn-247-298,card,NEAR_DUPLICATE_DESCRIPTION,"1 others, e.g. /card/kai-sa-daughter-of-the-void-ogn-247-298-promo"
/card/volibear-relentless-storm-ogn-249-298,card,NEAR_DUPLICATE_DESCRIPTION,"1 others, e.g. /card/volibear-relentless-storm-ogn-249-298-promo"
/card/jinx-loose-cannon-ogn-251-298,card,NEAR_DUPLICATE_DESCRIPTION,"1 others, e.g. /card/jinx-loose-cannon-ogn-251-298-promo"
/card/darius-hand-of-noxus-ogn-253-298,card,NEAR_DUPLICATE_DESCRIPTION,"1 others, e.g. /card/darius-hand-of-noxus-ogn-253-298-promo"
/card/nasus-curator-of-the-sands-ven-145,card,NEAR_DUPLICATE_DESCRIPTION,"2 others, e.g. /card/nasus-curator-of-the-sands-ven-192s-166"
/card/renekton-butcher-of-the-sands-ven-141,card,NEAR_DUPLICATE_DESCRIPTION,"1 others, e.g. /card/renekton-butcher-of-the-sands-ven-190"
/card/yasuo-unforgiven-ogn-259-298,card,NEAR_DUPLICATE_DESCRIPTION,"1 others, e.g. /card/yasuo-unforgiven-ogn-259-298-promo"
/card/leona-radiant-dawn-ogn-261-298,card,NEAR_DUPLICATE_DESCRIPTION,"1 others, e.g. /card/leona-radiant-dawn-ogn-261-298-promo"
/card/miss-fortune-bounty-hunter-ogn-267-298,card,NEAR_DUPLICATE_DESCRIPTION,"1 others, e.g. /card/miss-fortune-bounty-hunter-ogn-267-298-promo"
/card/sett-the-boss-ogn-269-298,card,NEAR_DUPLICATE_DESCRIPTION,"1 others, e.g. /card/sett-the-boss-ogn-269-298-promo"
/card/jayce-man-of-progress-sfd-084-221,card,NEAR_DUPLICATE_DESCRIPTION,"1 others, e.g. /card/jayce-man-of-progress-sfd-084-221-promo"
/card/yi-honed-ogs-009-024-promo,card,NEAR_DUPLICATE_DESCRIPTION,"1 others, e.g. /card/yi-honed-ogs-009-024"
/card/akali-silent-ven-038,card,NEAR_DUPLICATE_DESCRIPTION,"1 others, e.g. /card/akali-silent-ven-038a"
/card/zed-from-the-shadows-ven-023,card,NEAR_DUPLICATE_DESCRIPTION,"2 others, e.g. /card/zed-from-the-shadows-ven-169"
/card/sea-monkey-sfd-098-221-promo,card,NEAR_DUPLICATE_DESCRIPTION,"1 others, e.g. /card/sea-monkey-sfd-098-221"
/card/lee-sin-blind-monk-ogn-257-298,card,NEAR_DUPLICATE_DESCRIPTION,"1 others, e.g. /card/lee-sin-blind-monk-ogn-257-298-promo"
/card/viktor-herald-of-the-arcane-ogn-265-298,card,NEAR_DUPLICATE_DESCRIPTION,"1 others, e.g. /card/viktor-herald-of-the-arcane-ogn-265-298-promo"
/card/edge-of-night-sfd-139-221,card,NEAR_DUPLICATE_DESCRIPTION,"1 others, e.g. /card/edge-of-night-sfd-139-221-promo"
/card/vanguard-captain-ogn-218-298-promo,card,NEAR_DUPLICATE_DESCRIPTION,"1 others, e.g. /card/vanguard-captain-ogn-218-298"
/card/sanction-ven-035,card,NEAR_DUPLICATE_DESCRIPTION,"1 others, e.g. /card/mesmerize-ven-052"
/card/sivir-battle-mistress-sfd-203-221,card,NEAR_DUPLICATE_DESCRIPTION,"1 others, e.g. /card/sivir-battle-mistress-sfd-203-221-promo"
/card/pakaa-cub-ogn-135-298-promo,card,NEAR_DUPLICATE_DESCRIPTION,"1 others, e.g. /card/pakaa-cub-ogn-135-298"
/card/yuumi-magical-cat-unl-056-219,card,NEAR_DUPLICATE_DESCRIPTION,"1 others, e.g. /card/yuumi-magical-cat-unl-056-219-promo"
/card/yone-blademaster-sfd-116-221,card,NEAR_DUPLICATE_DESCRIPTION,"1 others, e.g. /card/yone-blademaster-sfd-116-221-promo"
/card/vengeance-ogn-229-298,card,NEAR_DUPLICATE_DESCRIPTION,"1 others, e.g. /card/vengeance-ogn-229-298-promo"
/card/blazing-scorcher-ogn-001-298-promo,card,NEAR_DUPLICATE_DESCRIPTION,"1 others, e.g. /card/blazing-scorcher-ogn-001-298"
/card/mesmerize-ven-052,card,NEAR_DUPLICATE_DESCRIPTION,"1 others, e.g. /card/sanction-ven-035"
/card/ravenbloom-student-ogn-103-298,card,NEAR_DUPLICATE_DESCRIPTION,"1 others, e.g. /card/ravenbloom-student-ogn-103-298-promo"
/card/treasure-hunter-sfd-130-221,card,NEAR_DUPLICATE_DESCRIPTION,"1 others, e.g. /card/treasure-hunter-sfd-130-221-promo"
/card/fae-dragon-sfd-101-221,card,NEAR_DUPLICATE_DESCRIPTION,"1 others, e.g. /card/fae-dragon-sfd-101-221-promo"
/card/stalwart-poro-ogn-052-298,card,NEAR_DUPLICATE_DESCRIPTION,"1 others, e.g. /card/stalwart-poro-ogn-052-298-promo"
/card/production-surge-sfd-076-221,card,NEAR_DUPLICATE_DESCRIPTION,"1 others, e.g. /card/production-surge-sfd-076-221-promo"
/card/harpoon-squad-sfd-137-221,card,NEAR_DUPLICATE_DESCRIPTION,"1 others, e.g. /card/harpoon-squad-sfd-137-221-promo"
/card/gustwalker-unl-075-219,card,NEAR_DUPLICATE_DESCRIPTION,"1 others, e.g. /card/gustwalker-unl-075-219-promo"
/card/recruit-de-ogn-271-298,card,NEAR_DUPLICATE_DESCRIPTION,"2 others, e.g. /card/recruit-nx-ogn-272-298"
/card/unsung-hero-sfd-167-221,card,NEAR_DUPLICATE_DESCRIPTION,"1 others, e.g. /card/unsung-hero-sfd-167-221-promo"
/card/recruit-nx-ogn-272-298,card,NEAR_DUPLICATE_DESCRIPTION,"2 others, e.g. /card/recruit-de-ogn-271-298"
/card/blast-corps-cadet-sfd-013-221,card,NEAR_DUPLICATE_DESCRIPTION,"1 others, e.g. /card/blast-corps-cadet-sfd-013-221-promo"
/card/recruit-zn-ogn-273-298,card,NEAR_DUPLICATE_DESCRIPTION,"2 others, e.g. /card/recruit-de-ogn-271-298"
/card/mister-root-unl-127-219,card,NEAR_DUPLICATE_DESCRIPTION,"1 others, e.g. /card/mister-root-unl-127-219-promo"
/card/downstage-dramatics-unl-061-219,card,NEAR_DUPLICATE_DESCRIPTION,"1 others, e.g. /card/downstage-dramatics-unl-061-219-promo"
/card/mutated-mouser-unl-036-219,card,NEAR_DUPLICATE_DESCRIPTION,"1 others, e.g. /card/mutated-mouser-unl-036-219-promo"
/card/laurent-duelist-sfd-156-221,card,NEAR_DUPLICATE_DESCRIPTION,"1 others, e.g. /card/laurent-duelist-sfd-156-221-promo"
/card/doran-s-ring-sfd-124-221,card,NEAR_DUPLICATE_DESCRIPTION,"1 others, e.g. /card/doran-s-ring-sfd-124-221-promo"
/card/sea-monkey-sfd-098-221,card,NEAR_DUPLICATE_DESCRIPTION,"1 others, e.g. /card/sea-monkey-sfd-098-221-promo"
/card/doran-s-blade-sfd-095-221,card,NEAR_DUPLICATE_DESCRIPTION,"1 others, e.g. /card/doran-s-blade-sfd-095-221-promo"
/card/cloth-armor-sfd-064-221,card,NEAR_DUPLICATE_DESCRIPTION,"1 others, e.g. /card/cloth-armor-sfd-064-221-promo"
/card/navori-scout-sfd-037-221,card,NEAR_DUPLICATE_DESCRIPTION,"1 others, e.g. /card/navori-scout-sfd-037-221-promo"
/card/doran-s-shield-sfd-033-221,card,NEAR_DUPLICATE_DESCRIPTION,"1 others, e.g. /card/doran-s-shield-sfd-033-221-promo"
/card/gem-jammer-sfd-007-221,card,NEAR_DUPLICATE_DESCRIPTION,"1 others, e.g. /card/gem-jammer-sfd-007-221-promo"
/card/riptide-rex-ogn-092-298,card,NEAR_DUPLICATE_DESCRIPTION,"1 others, e.g. /card/riptide-rex-ogn-092-298-promo"
/card/eye-of-the-herald-sfd-153-221,card,NEAR_DUPLICATE_DESCRIPTION,"1 others, e.g. /card/eye-of-the-herald-sfd-153-221-promo"
/card/blazing-scorcher-ogn-001-298,card,NEAR_DUPLICATE_DESCRIPTION,"1 others, e.g. /card/blazing-scorcher-ogn-001-298-promo"
/card/pouty-poro-ogn-013-298,card,NEAR_DUPLICATE_DESCRIPTION,"1 others, e.g. /card/pouty-poro-ogn-013-298-promo"
/card/serrated-dirk-sfd-009-221,card,NEAR_DUPLICATE_DESCRIPTION,"1 others, e.g. /card/serrated-dirk-sfd-009-221-promo"
/card/vanguard-captain-ogn-218-298,card,NEAR_DUPLICATE_DESCRIPTION,"1 others, e.g. /card/vanguard-captain-ogn-218-298-promo"
/card/daring-poro-ogn-210-298,card,NEAR_DUPLICATE_DESCRIPTION,"1 others, e.g. /card/daring-poro-ogn-210-298-promo"
/card/stealthy-pursuer-ogn-177-298,card,NEAR_DUPLICATE_DESCRIPTION,"1 others, e.g. /card/stealthy-pursuer-ogn-177-298-promo"
/card/mystic-poro-ogn-171-298,card,NEAR_DUPLICATE_DESCRIPTION,"1 others, e.g. /card/mystic-poro-ogn-171-298-promo"
/card/stormclaw-ursine-ogn-137-298,card,NEAR_DUPLICATE_DESCRIPTION,"1 others, e.g. /card/stormclaw-ursine-ogn-137-298-promo"
/card/pakaa-cub-ogn-135-298,card,NEAR_DUPLICATE_DESCRIPTION,"1 others, e.g. /card/pakaa-cub-ogn-135-298-promo"
/card/consult-the-past-ogn-083-298,card,NEAR_DUPLICATE_DESCRIPTION,"1 others, e.g. /card/consult-the-past-ogn-083-298-promo"
/card/wielder-of-water-ogn-055-298,card,NEAR_DUPLICATE_DESCRIPTION,"1 others, e.g. /card/wielder-of-water-ogn-055-298-promo"
/card/frostcoat-cub-sfd-067-221,card,NEAR_DUPLICATE_DESCRIPTION,"1 others, e.g. /card/frostcoat-cub-sfd-067-221-promo"
/card/calm-rune-sfd-r02a,card,NEAR_DUPLICATE_DESCRIPTION,"1 others, e.g. /card/calm-rune-sfd-r02b"
/card/lee-sin-blind-monk-ogn-257-298-promo,card,NEAR_DUPLICATE_DESCRIPTION,"1 others, e.g. /card/lee-sin-blind-monk-ogn-257-298"
/card/leona-radiant-dawn-ogn-261-298-promo,card,NEAR_DUPLICATE_DESCRIPTION,"1 others, e.g. /card/leona-radiant-dawn-ogn-261-298"
/card/calm-rune-ogn-042b-298-promo,card,NEAR_DUPLICATE_DESCRIPTION,"1 others, e.g. /card/calm-rune-ogn-042a-298"
/card/body-rune-ogn-126b-298-promo,card,NEAR_DUPLICATE_DESCRIPTION,"1 others, e.g. /card/body-rune-ogn-126a-298"
/card/fury-rune-ogn-007b-298-promo,card,NEAR_DUPLICATE_DESCRIPTION,"1 others, e.g. /card/fury-rune-ogn-007a-298"
/card/calm-rune-sfd-r02b,card,NEAR_DUPLICATE_DESCRIPTION,"1 others, e.g. /card/calm-rune-sfd-r02a"
/card/master-wuju-bladesman-starter-ogs-019-024-promo,card,NEAR_DUPLICATE_DESCRIPTION,"1 others, e.g. /card/master-wuju-bladesman-starter-ogs-019-024"
/card/mind-rune-ogn-089b-298-promo,card,NEAR_DUPLICATE_DESCRIPTION,"1 others, e.g. /card/mind-rune-ogn-089a-298"
/card/chaos-rune-ogn-166b-298-promo,card,NEAR_DUPLICATE_DESCRIPTION,"1 others, e.g. /card/chaos-rune-ogn-166a-298"
/card/yone-blademaster-sfd-116-221-promo,card,NEAR_DUPLICATE_DESCRIPTION,"1 others, e.g. /card/yone-blademaster-sfd-116-221"
/card/flash-ogs-011-024,card,NEAR_DUPLICATE_DESCRIPTION,"1 others, e.g. /card/flash-ogs-011-024-promo"
/card/teemo-swift-scout-ogn-263a-298,card,NEAR_DUPLICATE_DESCRIPTION,"3 others, e.g. /card/teemo-swift-scout-ogn-307-298"
/card/lux-lady-of-luminosity-starter-ogs-021-024-promo,card,NEAR_DUPLICATE_DESCRIPTION,"1 others, e.g. /card/lux-lady-of-luminosity-starter-ogs-021-024"
/card/riven-shattered-ven-041-166-promo,card,NEAR_DUPLICATE_DESCRIPTION,"2 others, e.g. /card/riven-shattered-ven-041a-166-promo"
/card/lux-lady-of-luminosity-starter-ogs-021-024,card,NEAR_DUPLICATE_DESCRIPTION,"1 others, e.g. /card/lux-lady-of-luminosity-starter-ogs-021-024-promo"
/card/poppy-defender-of-the-meek-unl-178-219-promo,card,NEAR_DUPLICATE_DESCRIPTION,"1 others, e.g. /card/poppy-defender-of-the-meek-unl-178a-219-promo"
/card/poppy-defender-of-the-meek-unl-178a-219-promo,card,NEAR_DUPLICATE_DESCRIPTION,"1 others, e.g. /card/poppy-defender-of-the-meek-unl-178-219-promo"
/card/stellacorn-herder-sfd-048-221-promo,card,NEAR_DUPLICATE_DESCRIPTION,"1 others, e.g. /card/stellacorn-herder-sfd-048-221"
/card/flash-ogs-011-024-promo,card,NEAR_DUPLICATE_DESCRIPTION,"1 others, e.g. /card/flash-ogs-011-024"
/card/mind-rune-ogn-089a-298,card,NEAR_DUPLICATE_DESCRIPTION,"1 others, e.g. /card/mind-rune-ogn-089b-298-promo"
/card/annie-dark-child-starter-ogs-017-024-promo,card,NEAR_DUPLICATE_DESCRIPTION,"1 others, e.g. /card/annie-dark-child-starter-ogs-017-024"
/card/sivir-battle-mistress-sfd-203-221-promo,card,NEAR_DUPLICATE_DESCRIPTION,"1 others, e.g. /card/sivir-battle-mistress-sfd-203-221"
/card/ravenbloom-student-ogn-103-298-promo,card,NEAR_DUPLICATE_DESCRIPTION,"1 others, e.g. /card/ravenbloom-student-ogn-103-298"
/card/teemo-swift-scout-ogn-307s-298,card,NEAR_DUPLICATE_DESCRIPTION,"1 others, e.g. /card/teemo-swift-scout-ogn-263a-298"
/card/decisive-strike-ogs-024-024-promo,card,NEAR_DUPLICATE_DESCRIPTION,"1 others, e.g. /card/decisive-strike-ogs-024-024"
/card/heimerdinger-inventor-ogn-111-298-promo,card,NEAR_DUPLICATE_DESCRIPTION,"1 others, e.g. /card/heimerdinger-inventor-ogn-111-298"
/card/stacked-deck-ogn-183-298-promo,card,NEAR_DUPLICATE_DESCRIPTION,"1 others, e.g. /card/stacked-deck-ogn-183-298"
/card/garen-rugged-ogs-007-024-promo,card,NEAR_DUPLICATE_DESCRIPTION,"1 others, e.g. /card/garen-rugged-ogs-007-024"
/card/cloth-armor-sfd-064-221-promo,card,NEAR_DUPLICATE_DESCRIPTION,"1 others, e.g. /card/cloth-armor-sfd-064-221"
/sets/origins,set,NEAR_DUPLICATE_DESCRIPTION,"2 others, e.g. /sets/unleashed"
/sets/origins/gallery,set/gallery,NEAR_DUPLICATE_DESCRIPTION,"4 others, e.g. /sets/proving-grounds/gallery"
/sets/proving-grounds/gallery,set/gallery,NEAR_DUPLICATE_DESCRIPTION,"1 others, e.g. /sets/origins/gallery"
/sets/spiritforged/gallery,set/gallery,NEAR_DUPLICATE_DESCRIPTION,"3 others, e.g. /sets/origins/gallery"
/sets/unleashed,set,NEAR_DUPLICATE_DESCRIPTION,"2 others, e.g. /sets/origins"
/sets/unleashed/gallery,set/gallery,NEAR_DUPLICATE_DESCRIPTION,"3 others, e.g. /sets/origins/gallery"
/sets/vendetta,set,NEAR_DUPLICATE_DESCRIPTION,"2 others, e.g. /sets/origins"
/sets/vendetta/gallery,set/gallery,NEAR_DUPLICATE_DESCRIPTION,"3 others, e.g. /sets/origins/gallery"
/domains/fury,domain,NEAR_DUPLICATE_DESCRIPTION,"6 others, e.g. /domains/calm"
/domains/calm,domain,NEAR_DUPLICATE_DESCRIPTION,"6 others, e.g. /domains/fury"
/domains/mind,domain,NEAR_DUPLICATE_DESCRIPTION,"6 others, e.g. /domains/fury"
/domains/body,domain,NEAR_DUPLICATE_DESCRIPTION,"6 others, e.g. /domains/fury"
/domains/chaos,domain,NEAR_DUPLICATE_DESCRIPTION,"6 others, e.g. /domains/fury"
/domains/order,domain,NEAR_DUPLICATE_DESCRIPTION,"6 others, e.g. /domains/fury"
/domains/colorless,domain,NEAR_DUPLICATE_DESCRIPTION,"6 others, e.g. /domains/fury"
/keywords/empower,keyword,NEAR_DUPLICATE_DESCRIPTION,"2 others, e.g. /keywords/flow"
/keywords/flow,keyword,NEAR_DUPLICATE_DESCRIPTION,"2 others, e.g. /keywords/empower"
/keywords/burn,keyword,NEAR_DUPLICATE_DESCRIPTION,"2 others, e.g. /keywords/empower"
/keywords/burn,keyword,THIN_EDITORIAL,70 prose words
/cards/type/unit,facet,BROKEN_INTERNAL_LINK,/cards/type → 404
/cards/type/spell,facet,BROKEN_INTERNAL_LINK,/cards/type → 404
/cards/type/gear,facet,BROKEN_INTERNAL_LINK,/cards/type → 404
/cards/type/rune,facet,BROKEN_INTERNAL_LINK,/cards/type → 404
/cards/type/battlefield,facet,BROKEN_INTERNAL_LINK,/cards/type → 404
/cards/type/legend,facet,BROKEN_INTERNAL_LINK,/cards/type → 404
/cards/rarity/common,facet,BROKEN_INTERNAL_LINK,/cards/rarity → 404
/cards/rarity/uncommon,facet,BROKEN_INTERNAL_LINK,/cards/rarity → 404
/cards/rarity/rare,facet,BROKEN_INTERNAL_LINK,/cards/rarity → 404
/cards/rarity/epic,facet,BROKEN_INTERNAL_LINK,/cards/rarity → 404
/cards/rarity/showcase,facet,BROKEN_INTERNAL_LINK,/cards/rarity → 404
/cards/printing/alternate-art,facet,BROKEN_INTERNAL_LINK,/cards/printing → 404
/cards/printing/signature,facet,BROKEN_INTERNAL_LINK,/cards/printing → 404
/cards/printing/overnumbered,facet,BROKEN_INTERNAL_LINK,/cards/printing → 404
/cards/printing/promo,facet,BROKEN_INTERNAL_LINK,/cards/printing → 404
/champions/ahri,champion,NEAR_DUPLICATE_DESCRIPTION,"29 others, e.g. /champions/darius"
/champions/darius,champion,NEAR_DUPLICATE_DESCRIPTION,"29 others, e.g. /champions/ahri"
/champions/diana,champion,NEAR_DUPLICATE_DESCRIPTION,"29 others, e.g. /champions/ahri"
/champions/draven,champion,NEAR_DUPLICATE_DESCRIPTION,"29 others, e.g. /champions/ahri"
/champions/ezreal,champion,NEAR_DUPLICATE_DESCRIPTION,"29 others, e.g. /champions/ahri"
/champions/fiora,champion,NEAR_DUPLICATE_DESCRIPTION,"29 others, e.g. /champions/ahri"
/champions/irelia,champion,NEAR_DUPLICATE_DESCRIPTION,"29 others, e.g. /champions/ahri"
/champions/ivern,champion,NEAR_DUPLICATE_DESCRIPTION,"29 others, e.g. /champions/ahri"
/champions/jayce,champion,NEAR_DUPLICATE_DESCRIPTION,"29 others, e.g. /champions/ahri"
/champions/jhin,champion,NEAR_DUPLICATE_DESCRIPTION,"29 others, e.g. /champions/ahri"
/champions/jinx,champion,NEAR_DUPLICATE_DESCRIPTION,"29 others, e.g. /champions/ahri"
/champions/kai-sa,champion,NEAR_DUPLICATE_DESCRIPTION,"29 others, e.g. /champions/ahri"
/champions/kha-zix,champion,NEAR_DUPLICATE_DESCRIPTION,"1 others, e.g. /champions/vi"
/champions/leblanc,champion,NEAR_DUPLICATE_DESCRIPTION,"29 others, e.g. /champions/ahri"
/champions/lee-sin,champion,NEAR_DUPLICATE_DESCRIPTION,"1 others, e.g. /champions/vi"
/champions/leona,champion,NEAR_DUPLICATE_DESCRIPTION,"29 others, e.g. /champions/ahri"
/champions/lillia,champion,NEAR_DUPLICATE_DESCRIPTION,"29 others, e.g. /champions/ahri"
/champions/master-yi,champion,NEAR_DUPLICATE_DESCRIPTION,"29 others, e.g. /champions/ahri"
/champions/mel,champion,NEAR_DUPLICATE_DESCRIPTION,"29 others, e.g. /champions/ahri"
/champions/miss-fortune,champion,NEAR_DUPLICATE_DESCRIPTION,"1 others, e.g. /champions/vi"
/champions/poppy,champion,NEAR_DUPLICATE_DESCRIPTION,"29 others, e.g. /champions/ahri"
/champions/pyke,champion,NEAR_DUPLICATE_DESCRIPTION,"29 others, e.g. /champions/ahri"
/champions/renekton,champion,NEAR_DUPLICATE_DESCRIPTION,"29 others, e.g. /champions/ahri"
/champions/rengar,champion,NEAR_DUPLICATE_DESCRIPTION,"29 others, e.g. /champions/ahri"
/champions/sett,champion,NEAR_DUPLICATE_DESCRIPTION,"29 others, e.g. /champions/ahri"
/champions/shen,champion,NEAR_DUPLICATE_DESCRIPTION,"29 others, e.g. /champions/ahri"
/champions/teemo,champion,NEAR_DUPLICATE_DESCRIPTION,"29 others, e.g. /champions/ahri"
/champions/vex,champion,NEAR_DUPLICATE_DESCRIPTION,"29 others, e.g. /champions/ahri"
/champions/vi,champion,NEAR_DUPLICATE_DESCRIPTION,"32 others, e.g. /champions/ahri"
/champions/viktor,champion,NEAR_DUPLICATE_DESCRIPTION,"29 others, e.g. /champions/ahri"
/champions/volibear,champion,NEAR_DUPLICATE_DESCRIPTION,"29 others, e.g. /champions/ahri"
/champions/yasuo,champion,NEAR_DUPLICATE_DESCRIPTION,"29 others, e.g. /champions/ahri"
/champions/zed,champion,NEAR_DUPLICATE_DESCRIPTION,"29 others, e.g. /champions/ahri"
/stores/cherry,store,NEAR_DUPLICATE_DESCRIPTION,"2 others, e.g. /stores/ozzie"
/stores/ozzie,store,NEAR_DUPLICATE_DESCRIPTION,"2 others, e.g. /stores/cherry"
/stores/plenty,store,NEAR_DUPLICATE_DESCRIPTION,"1 others, e.g. /stores/gamesarena88"
/stores/cardbot,store,NEAR_DUPLICATE_DESCRIPTION,"1 others, e.g. /stores/spindown"
/stores/mintcollectables,store,NEAR_DUPLICATE_DESCRIPTION,"2 others, e.g. /stores/cherry"
/stores/pokebox,store,NEAR_DUPLICATE_DESCRIPTION,"1 others, e.g. /stores/flukeandbox"
/stores/spindown,store,NEAR_DUPLICATE_DESCRIPTION,"1 others, e.g. /stores/cardbot"
/stores/gamesarena88,store,NEAR_DUPLICATE_DESCRIPTION,"1 others, e.g. /stores/plenty"
/stores/flukeandbox,store,NEAR_DUPLICATE_DESCRIPTION,"1 others, e.g. /stores/pokebox"
/stores/cardmasters,store,NEAR_DUPLICATE_DESCRIPTION,"2 others, e.g. /stores/cardmerchant"
/stores/cardmerchant,store,NEAR_DUPLICATE_DESCRIPTION,"2 others, e.g. /stores/cardmasters"
/stores/cardbotnz,store,NEAR_DUPLICATE_DESCRIPTION,"2 others, e.g. /stores/cardmasters"
/stores/bardsandcards,store,NEAR_DUPLICATE_DESCRIPTION,"8 others, e.g. /stores/gglegends"
/stores/mythicstore,store,NEAR_DUPLICATE_DESCRIPTION,"1 others, e.g. /stores/cgrealm"
/stores/cgrealm,store,NEAR_DUPLICATE_DESCRIPTION,"1 others, e.g. /stores/mythicstore"
/stores/punkouter,store,NEAR_DUPLICATE_DESCRIPTION,"4 others, e.g. /stores/grognardgames"
/stores/geargaming,store,NEAR_DUPLICATE_DESCRIPTION,"1 others, e.g. /stores/onboardgaming"
/stores/gglegends,store,NEAR_DUPLICATE_DESCRIPTION,"8 others, e.g. /stores/bardsandcards"
/stores/npcollectibles,store,NEAR_DUPLICATE_DESCRIPTION,"11 others, e.g. /stores/bardsandcards"
/stores/capefear,store,NEAR_DUPLICATE_DESCRIPTION,"1 others, e.g. /stores/npcollectibles"
/stores/onestoptcg,store,NEAR_DUPLICATE_DESCRIPTION,"8 others, e.g. /stores/bardsandcards"
/stores/onboardgaming,store,NEAR_DUPLICATE_DESCRIPTION,"1 others, e.g. /stores/geargaming"
/stores/grognardgames,store,NEAR_DUPLICATE_DESCRIPTION,"4 others, e.g. /stores/punkouter"
/stores/vegassingles,store,NEAR_DUPLICATE_DESCRIPTION,"8 others, e.g. /stores/bardsandcards"
/stores/e4cards,store,NEAR_DUPLICATE_DESCRIPTION,"8 others, e.g. /stores/bardsandcards"
/stores/phantasma,store,NEAR_DUPLICATE_DESCRIPTION,"8 others, e.g. /stores/bardsandcards"
/stores/axionnow,store,NEAR_DUPLICATE_DESCRIPTION,"8 others, e.g. /stores/bardsandcards"
/stores/spellboundgames,store,NEAR_DUPLICATE_DESCRIPTION,"4 others, e.g. /stores/punkouter"
/stores/totalcards,store,NEAR_DUPLICATE_DESCRIPTION,"8 others, e.g. /stores/bardsandcards"
/stores/hideoutsg,store,NEAR_DUPLICATE_DESCRIPTION,"1 others, e.g. /stores/fourelements"
/stores/onecollectiblestcg,store,NEAR_DUPLICATE_DESCRIPTION,"2 others, e.g. /stores/npcollectibles"
/stores/fourelements,store,NEAR_DUPLICATE_DESCRIPTION,"1 others, e.g. /stores/hideoutsg"
/stores/brints,store,NEAR_DUPLICATE_DESCRIPTION,"2 others, e.g. /stores/npcollectibles"
/stores/facetoface,store,NEAR_DUPLICATE_DESCRIPTION,"5 others, e.g. /stores/games401"
/stores/games401,store,NEAR_DUPLICATE_DESCRIPTION,"12 others, e.g. /stores/punkouter"
/stores/gtgames,store,NEAR_DUPLICATE_DESCRIPTION,"12 others, e.g. /stores/punkouter"
/stores/bananagames,store,NEAR_DUPLICATE_DESCRIPTION,"2 others, e.g. /stores/games401"
/stores/alwaysgames,store,NEAR_DUPLICATE_DESCRIPTION,"5 others, e.g. /stores/facetoface"
/stores/derpycards,store,NEAR_DUPLICATE_DESCRIPTION,"2 others, e.g. /stores/games401"
/stores/espercards,store,NEAR_DUPLICATE_DESCRIPTION,"5 others, e.g. /stores/facetoface"
/stores/redriotgames,store,NEAR_DUPLICATE_DESCRIPTION,"2 others, e.g. /stores/games401"
/stores/levelupgames,store,NEAR_DUPLICATE_DESCRIPTION,"5 others, e.g. /stores/facetoface"
/stores/danireonca,store,NEAR_DUPLICATE_DESCRIPTION,"2 others, e.g. /stores/games401"
/decks/irelia-blade-dancer,deck,EMPTY_SECTION,Decklist · 55 cards + legend
/decks/kennen-heart-of-the-tempest,deck,EMPTY_SECTION,Decklist · 55 cards + legend
/decks/master-yi-wuju-bladesman,deck,EMPTY_SECTION,Decklist · 55 cards + legend
/decks/diana-scorn-of-the-moon,deck,EMPTY_SECTION,Decklist · 55 cards + legend
/decks/viktor-herald-of-the-arcane,deck,EMPTY_SECTION,Decklist · 55 cards + legend
/decks/jayce-defender-of-tomorrow,deck,EMPTY_SECTION,Decklist · 55 cards + legend
/decks/akali-rogue-assassin,deck,EMPTY_SECTION,Decklist · 55 cards + legend
/decks/ezreal-prodigal-explorer,deck,EMPTY_SECTION,Decklist · 55 cards + legend
/decks/reksai-void-burrower,deck,EMPTY_SECTION,Decklist · 55 cards + legend
/decks/draven-glorious-executioner,deck,EMPTY_SECTION,Decklist · 55 cards + legend
/decks/archetype/aggro,decks/archetype,NEAR_DUPLICATE_DESCRIPTION,"2 others, e.g. /decks/archetype/tempo"
/decks/archetype/tempo,decks/archetype,NEAR_DUPLICATE_DESCRIPTION,"2 others, e.g. /decks/archetype/aggro"
/decks/archetype/midrange,decks/archetype,NEAR_DUPLICATE_DESCRIPTION,"2 others, e.g. /decks/archetype/aggro"
/decks/domain/fury,decks/domain,NEAR_DUPLICATE_DESCRIPTION,"5 others, e.g. /decks/domain/calm"
/decks/domain/calm,decks/domain,NEAR_DUPLICATE_DESCRIPTION,"5 others, e.g. /decks/domain/fury"
/decks/domain/mind,decks/domain,NEAR_DUPLICATE_DESCRIPTION,"5 others, e.g. /decks/domain/fury"
/decks/domain/body,decks/domain,NEAR_DUPLICATE_DESCRIPTION,"5 others, e.g. /decks/domain/fury"
/decks/domain/chaos,decks/domain,NEAR_DUPLICATE_DESCRIPTION,"5 others, e.g. /decks/domain/fury"
/decks/domain/order,decks/domain,NEAR_DUPLICATE_DESCRIPTION,"5 others, e.g. /decks/domain/fury"
/blog/riftbound-t1-signature-edition-drawing,blog,BROKEN_INTERNAL_LINK,/blog/riftbound-variant-glossary → 404
/guides/cheapest-way-to-start-riftbound,guide,EMPTY_SECTION,The four ways in
/blog/riftbound-t1-worlds-champion-collection,blog,BROKEN_INTERNAL_LINK,/blog/riftbound-variant-glossary → 404
/guides/riftbound-vendetta-overnumbers-explained,guide,BROKEN_INTERNAL_LINK,/card/rogue-assassin-ven-189 → 404
/guides/riftbound-vendetta-overnumbers-explained,guide,BROKEN_INTERNAL_LINK,/card/butcher-of-the-sands-ven-190 → 404
/guides/riftbound-vendetta-overnumbers-explained,guide,BROKEN_INTERNAL_LINK,/card/master-of-shadows-ven-191 → 404
/guides/riftbound-vendetta-overnumbers-explained,guide,BROKEN_INTERNAL_LINK,/card/curator-of-the-sands-ven-192 → 404
/guides/riftbound-vendetta-overnumbers-explained,guide,BROKEN_INTERNAL_LINK,/card/eye-of-twilight-ven-193 → 404
/guides/riftbound-vendetta-overnumbers-explained,guide,BROKEN_INTERNAL_LINK,/card/defender-of-tomorrow-ven-194 → 404
/guides/riftbound-vendetta-overnumbers-explained,guide,BROKEN_INTERNAL_LINK,/card/soul-s-reflection-ven-195 → 404
/guides/riftbound-vendetta-overnumbers-explained,guide,BROKEN_INTERNAL_LINK,/card/matriarch-of-war-ven-196 → 404
/guides/riftbound-vendetta-overnumbers-explained,guide,BROKEN_INTERNAL_LINK,/card/heart-of-the-tempest-ven-197 → 404
/marketplace,static,SHORT_DESCRIPTION,66 chars
/marketplace,static,THIN_EDITORIAL,33 prose words
/marketplace/faq,static,THIN_EDITORIAL,38 prose words
/marketplace/shipping,static,SHORT_DESCRIPTION,58 chars
/marketplace/terms,static,SHORT_DESCRIPTION,60 chars
